epoch,time,train/box_loss,train/cls_loss,train/dfl_loss,metrics/precision(B),metrics/recall(B),metrics/mAP50(B),metrics/mAP50-95(B),val/box_loss,val/cls_loss,val/dfl_loss,lr/pg0,lr/pg1,lr/pg2
1,5.97277,1.20445,4.92379,1.3362,0,0,0,0,0.65156,4.66984,0.92402,1.568e-05,1.568e-05,1.568e-05
2,10.4675,0.9536,4.86131,1.18239,0,0,0,0,0.63765,4.65357,0.89257,3.31551e-05,3.31551e-05,3.31551e-05
3,14.548,0.72114,4.7027,1.01375,0,0,0,0,0.58847,4.59941,0.85689,5.04555e-05,5.04555e-05,5.04555e-05
4,18.4135,0.62357,4.55701,0.95072,0,0,0,0,0.50498,4.52088,0.80981,6.75813e-05,6.75813e-05,6.75813e-05
5,22.2616,0.60653,4.49858,0.92427,0,0,0,0,0.52482,4.28136,0.78432,8.45324e-05,8.45324e-05,8.45324e-05
6,26.0697,0.57111,4.389,0.89662,0.00236,0.00193,0.00129,0.00129,0.48963,4.20877,0.77646,0.000101309,0.000101309,0.000101309
7,29.811,0.54514,4.32873,0.90302,0.02332,0.02282,0.01748,0.01577,0.45806,4.16156,0.77253,0.000117911,0.000117911,0.000117911
8,33.688,0.52611,4.2375,0.88001,0.03479,0.04699,0.03145,0.02866,0.47817,4.12673,0.77779,0.000134338,0.000134338,0.000134338
9,37.4266,0.5256,4.18345,0.88103,0.02217,0.12151,0.02253,0.02102,0.45629,4.07527,0.77826,0.000150591,0.000150591,0.000150591
10,41.105,0.51519,4.13157,0.86994,0.02382,0.14856,0.03059,0.02871,0.45112,4.05603,0.77822,0.000166669,0.000166669,0.000166669
11,44.8156,0.51949,4.03591,0.87494,0.01962,0.18326,0.02894,0.02657,0.45049,4.04151,0.78213,0.000182572,0.000182572,0.000182572
12,48.5568,0.49923,3.97847,0.86116,0.02976,0.28689,0.05057,0.04616,0.42588,3.96782,0.78706,0.000185328,0.000185328,0.000185328
13,52.2177,0.47055,3.89737,0.88279,0.03124,0.39557,0.06116,0.05595,0.42818,3.90084,0.78983,0.000184358,0.000184358,0.000184358
14,55.9881,0.49716,3.8886,0.87276,0.0266,0.4578,0.06645,0.06104,0.43077,3.81023,0.79563,0.000183387,0.000183387,0.000183387
15,59.7095,0.47483,3.76742,0.879,0.02309,0.53976,0.07641,0.07026,0.42333,3.69528,0.79933,0.000182417,0.000182417,0.000182417
16,63.4587,0.49324,3.73152,0.88412,0.02125,0.56708,0.07201,0.06599,0.4307,3.60817,0.8115,0.000181447,0.000181447,0.000181447
17,67.2436,0.47328,3.60171,0.88092,0.02257,0.58725,0.07777,0.07238,0.42058,3.61511,0.81514,0.000180477,0.000180477,0.000180477
18,70.9912,0.46234,3.57548,0.87753,0.0229,0.62483,0.08906,0.08265,0.41458,3.52312,0.81626,0.000179507,0.000179507,0.000179507
19,74.7287,0.48655,3.54455,0.87539,0.45914,0.11196,0.09742,0.09083,0.41169,3.33948,0.81491,0.000178536,0.000178536,0.000178536
20,78.5737,0.48392,3.44442,0.90321,0.40834,0.1252,0.10383,0.09537,0.4285,3.15219,0.81623,0.000177566,0.000177566,0.000177566
21,82.3053,0.4683,3.41307,0.89798,0.42244,0.16105,0.10708,0.0978,0.43951,3.17814,0.82783,0.000176596,0.000176596,0.000176596
22,86.0187,0.504,3.37953,0.88844,0.3884,0.21367,0.11576,0.10552,0.42934,3.12151,0.8236,0.000175626,0.000175626,0.000175626
23,89.9486,0.49549,3.25782,0.90064,0.35602,0.23963,0.12805,0.11687,0.42613,2.99383,0.82749,0.000174656,0.000174656,0.000174656
24,93.7641,0.46553,3.19045,0.8978,0.36296,0.29356,0.12528,0.11535,0.45995,2.88781,0.84905,0.000173685,0.000173685,0.000173685
25,97.5059,0.47982,3.14465,0.89889,0.39266,0.29173,0.13119,0.12079,0.45107,2.82984,0.84772,0.000172715,0.000172715,0.000172715
26,101.209,0.46417,3.10983,0.89009,0.37498,0.25566,0.14267,0.12927,0.45294,2.75029,0.86388,0.000171745,0.000171745,0.000171745
27,104.936,0.48135,3.12918,0.89648,0.37764,0.25744,0.17211,0.15571,0.44469,2.71271,0.86837,0.000170775,0.000170775,0.000170775
28,108.789,0.47365,2.97583,0.91982,0.41823,0.32124,0.20642,0.18645,0.45135,2.57393,0.88358,0.000169805,0.000169805,0.000169805
29,112.53,0.46877,2.9364,0.89494,0.4053,0.33853,0.21103,0.19019,0.45191,2.51045,0.88707,0.000168834,0.000168834,0.000168834
30,116.265,0.46821,2.88517,0.91046,0.42102,0.31914,0.2226,0.2045,0.43386,2.42156,0.89003,0.000167864,0.000167864,0.000167864
31,120.029,0.46301,2.85031,0.92301,0.44887,0.31953,0.2316,0.21469,0.42213,2.3563,0.89632,0.000166894,0.000166894,0.000166894
32,123.87,0.47546,2.72746,0.92402,0.59466,0.23103,0.24405,0.22338,0.43676,2.33315,0.89426,0.000165924,0.000165924,0.000165924
33,127.592,0.46168,2.63723,0.91755,0.55821,0.29195,0.27458,0.25352,0.42459,2.2816,0.90049,0.000164954,0.000164954,0.000164954
34,131.308,0.46163,2.58005,0.92517,0.62768,0.29823,0.29855,0.27602,0.45571,2.23148,0.91478,0.000163983,0.000163983,0.000163983
35,134.967,0.46395,2.58625,0.91032,0.55377,0.30611,0.30246,0.27942,0.46701,2.196,0.92937,0.000163013,0.000163013,0.000163013
36,138.826,0.46886,2.5683,0.9146,0.47427,0.34115,0.31631,0.29507,0.43103,2.14391,0.91174,0.000162043,0.000162043,0.000162043
37,142.51,0.46615,2.57406,0.9242,0.39966,0.38925,0.31571,0.29122,0.42978,2.16774,0.90253,0.000161073,0.000161073,0.000161073
38,146.183,0.45635,2.58594,0.91562,0.53714,0.30053,0.3379,0.31331,0.41931,2.18891,0.90091,0.000160103,0.000160103,0.000160103
39,149.984,0.46123,2.59133,0.94588,0.56384,0.31266,0.36094,0.33193,0.43904,2.08793,0.91058,0.000159132,0.000159132,0.000159132
40,153.763,0.45838,2.34395,0.92489,0.47224,0.44242,0.40006,0.36909,0.42234,1.9904,0.9031,0.000158162,0.000158162,0.000158162
41,157.499,0.43257,2.34486,0.89774,0.42527,0.49542,0.40184,0.37167,0.42602,1.94439,0.89675,0.000157192,0.000157192,0.000157192
42,161.247,0.47649,2.31621,0.94838,0.50185,0.42397,0.38694,0.36195,0.41829,1.94569,0.89091,0.000156222,0.000156222,0.000156222
43,164.968,0.45914,2.26264,0.92537,0.49939,0.45826,0.41393,0.38344,0.43639,1.98248,0.90585,0.000155252,0.000155252,0.000155252
44,168.807,0.45716,2.3029,0.92647,0.3892,0.52048,0.4386,0.40766,0.42358,1.86948,0.91392,0.000154281,0.000154281,0.000154281
45,172.611,0.45234,2.2166,0.90658,0.42134,0.48069,0.4426,0.41251,0.43081,1.82279,0.91215,0.000153311,0.000153311,0.000153311
46,176.369,0.46121,2.17373,0.93545,0.4711,0.43208,0.42111,0.39032,0.42519,1.78858,0.90899,0.000152341,0.000152341,0.000152341
47,180.098,0.43847,2.0065,0.92929,0.35887,0.5233,0.44445,0.41191,0.42048,1.7143,0.91353,0.000151371,0.000151371,0.000151371
48,183.859,0.44019,2.19412,0.91867,0.52797,0.45801,0.47699,0.43471,0.45507,1.68787,0.9141,0.000150401,0.000150401,0.000150401
49,187.581,0.46026,2.09952,0.91541,0.35015,0.55207,0.47271,0.43755,0.41849,1.67744,0.89777,0.00014943,0.00014943,0.00014943
50,191.328,0.42574,2.09261,0.90087,0.37684,0.55714,0.46821,0.43649,0.42973,1.68264,0.9174,0.00014846,0.00014846,0.00014846
51,195.042,0.4422,1.99066,0.92339,0.39065,0.5624,0.47403,0.43999,0.41064,1.68978,0.90985,0.00014749,0.00014749,0.00014749
52,198.805,0.43316,1.97489,0.91805,0.58525,0.43623,0.52188,0.48651,0.40956,1.70527,0.9074,0.00014652,0.00014652,0.00014652
53,202.545,0.45084,1.98746,0.93103,0.58844,0.45968,0.5333,0.49779,0.40583,1.63718,0.90548,0.00014555,0.00014555,0.00014555
54,206.265,0.42533,1.89076,0.8888,0.4696,0.55472,0.54224,0.50713,0.40471,1.58229,0.90612,0.000144579,0.000144579,0.000144579
55,209.974,0.44234,1.8875,0.91886,0.5233,0.5173,0.54545,0.51072,0.40441,1.60676,0.89921,0.000143609,0.000143609,0.000143609
56,213.764,0.42902,1.845,0.90097,0.4715,0.59586,0.57114,0.53537,0.39545,1.47943,0.90118,0.000142639,0.000142639,0.000142639
57,217.518,0.43233,1.83487,0.92939,0.47687,0.61431,0.58448,0.54689,0.39312,1.44834,0.90697,0.000141669,0.000141669,0.000141669
58,221.23,0.42964,1.87745,0.92306,0.55813,0.59833,0.60102,0.55904,0.40742,1.44427,0.91126,0.000140699,0.000140699,0.000140699
59,224.978,0.41431,1.85699,0.91345,0.54399,0.59972,0.58632,0.54508,0.41622,1.43111,0.91211,0.000139728,0.000139728,0.000139728
60,228.883,0.42872,1.80237,0.90934,0.42299,0.66072,0.60074,0.56055,0.41431,1.37787,0.92257,0.000138758,0.000138758,0.000138758
61,232.682,0.445,1.73846,0.94218,0.4018,0.72041,0.61323,0.57112,0.4019,1.33953,0.91203,0.000137788,0.000137788,0.000137788
62,236.436,0.42485,1.61371,0.935,0.42825,0.69651,0.62279,0.57802,0.41482,1.349,0.90961,0.000136818,0.000136818,0.000136818
63,240.241,0.42637,1.64769,0.93717,0.48305,0.65498,0.63623,0.59089,0.40225,1.3499,0.90412,0.000135848,0.000135848,0.000135848
64,244.006,0.41109,1.60595,0.91011,0.60766,0.58037,0.65201,0.60457,0.40843,1.33904,0.91212,0.000134877,0.000134877,0.000134877
65,247.712,0.4292,1.61289,0.90063,0.59167,0.59694,0.63012,0.58918,0.40016,1.32188,0.90449,0.000133907,0.000133907,0.000133907
66,251.437,0.42627,1.64288,0.92271,0.56573,0.60387,0.63,0.58383,0.40955,1.30807,0.90452,0.000132937,0.000132937,0.000132937
67,255.128,0.42645,1.51842,0.91158,0.60974,0.61046,0.65095,0.60745,0.402,1.27604,0.90347,0.000131967,0.000131967,0.000131967
68,258.934,0.42641,1.57195,0.89947,0.48877,0.73534,0.66342,0.61681,0.41576,1.24289,0.91319,0.000130997,0.000130997,0.000130997
69,262.638,0.42834,1.54331,0.90192,0.49478,0.73228,0.67117,0.62749,0.40238,1.23777,0.90013,0.000130026,0.000130026,0.000130026
70,266.388,0.4222,1.45727,0.90019,0.55417,0.68034,0.66289,0.61817,0.40285,1.23838,0.89498,0.000129056,0.000129056,0.000129056
71,270.148,0.41096,1.59055,0.90151,0.51748,0.68462,0.65584,0.60873,0.3992,1.24259,0.89586,0.000128086,0.000128086,0.000128086
72,273.946,0.42408,1.51741,0.92013,0.51668,0.67854,0.65032,0.60536,0.39666,1.25175,0.88461,0.000127116,0.000127116,0.000127116
73,277.674,0.40411,1.42604,0.91588,0.62739,0.60006,0.66888,0.6257,0.40606,1.24673,0.88378,0.000126146,0.000126146,0.000126146
74,281.408,0.4313,1.42275,0.90876,0.5337,0.69627,0.68055,0.63694,0.39523,1.19193,0.8865,0.000125175,0.000125175,0.000125175
75,285.144,0.42087,1.44449,0.92936,0.51805,0.75896,0.68672,0.64119,0.40094,1.16763,0.89265,0.000124205,0.000124205,0.000124205
76,288.929,0.41163,1.43446,0.88981,0.58197,0.71726,0.69586,0.64984,0.39594,1.163,0.88752,0.000123235,0.000123235,0.000123235
77,292.624,0.40809,1.41468,0.89518,0.58419,0.70435,0.68992,0.64158,0.39467,1.15732,0.88869,0.000122265,0.000122265,0.000122265
78,296.296,0.40803,1.45372,0.91741,0.61466,0.68332,0.69633,0.64956,0.40274,1.171,0.89245,0.000121295,0.000121295,0.000121295
79,300.024,0.41188,1.45382,0.91745,0.6542,0.67435,0.69968,0.65586,0.39163,1.15274,0.88477,0.000120324,0.000120324,0.000120324
80,303.845,0.42533,1.4498,0.89166,0.53701,0.74146,0.70305,0.65866,0.38221,1.14395,0.88153,0.000119354,0.000119354,0.000119354
81,307.592,0.4025,1.41767,0.88979,0.56869,0.71948,0.71391,0.66565,0.37951,1.12328,0.88145,0.000118384,0.000118384,0.000118384
82,311.338,0.40739,1.34661,0.90313,0.57131,0.71491,0.71084,0.66366,0.38219,1.11908,0.88559,0.000117414,0.000117414,0.000117414
83,315.08,0.40091,1.35773,0.91563,0.70062,0.64077,0.73204,0.68509,0.38635,1.11119,0.886,0.000116444,0.000116444,0.000116444
84,318.953,0.39676,1.25029,0.87968,0.72614,0.67193,0.75058,0.70101,0.38738,1.08198,0.88634,0.000115473,0.000115473,0.000115473
85,322.682,0.41818,1.32141,0.88695,0.72382,0.65645,0.74675,0.69211,0.4033,1.09328,0.89795,0.000114503,0.000114503,0.000114503
86,326.398,0.39854,1.2649,0.89575,0.69041,0.68267,0.74122,0.69072,0.39102,1.09694,0.88296,0.000113533,0.000113533,0.000113533
87,330.123,0.40174,1.31288,0.90385,0.66339,0.72648,0.74639,0.69777,0.39252,1.08695,0.88119,0.000112563,0.000112563,0.000112563
88,333.962,0.39955,1.30385,0.89997,0.65206,0.74453,0.75602,0.70717,0.3836,1.05833,0.88031,0.000111593,0.000111593,0.000111593
89,337.785,0.39389,1.27725,0.9129,0.66563,0.74923,0.77107,0.72229,0.37917,1.03794,0.87791,0.000110622,0.000110622,0.000110622
90,341.542,0.3911,1.21421,0.88313,0.6254,0.79688,0.77776,0.73265,0.38684,1.03263,0.88203,0.000109652,0.000109652,0.000109652
91,345.246,0.38725,1.17355,0.92214,0.70536,0.72683,0.77578,0.72636,0.38572,1.05174,0.88061,0.000108682,0.000108682,0.000108682
92,349.012,0.39399,1.21051,0.89507,0.74277,0.7014,0.76052,0.71138,0.38914,1.10842,0.87723,0.000107712,0.000107712,0.000107712
93,352.721,0.40082,1.19776,0.90265,0.75171,0.70013,0.75366,0.7043,0.38604,1.09394,0.87926,0.000106742,0.000106742,0.000106742
94,356.501,0.39524,1.18068,0.88743,0.74276,0.70383,0.75336,0.70319,0.3916,1.05871,0.88403,0.000105771,0.000105771,0.000105771
95,360.233,0.40737,1.17115,0.91877,0.73301,0.6935,0.75028,0.70525,0.38195,1.0321,0.87506,0.000104801,0.000104801,0.000104801
96,364.016,0.39527,1.24016,0.91099,0.74208,0.69647,0.77702,0.7281,0.38405,1.01987,0.87019,0.000103831,0.000103831,0.000103831
97,367.691,0.40589,1.21329,0.89623,0.70237,0.76151,0.78018,0.72977,0.3861,1.03849,0.87472,0.000102861,0.000102861,0.000102861
98,371.429,0.40355,1.17011,0.89437,0.66298,0.80765,0.78732,0.73548,0.38834,1.04124,0.87726,0.000101891,0.000101891,0.000101891
99,375.216,0.3839,1.12734,0.87944,0.70473,0.77683,0.79538,0.74545,0.37832,1.03158,0.86806,0.00010092,0.00010092,0.00010092
100,379.003,0.36553,1.11688,0.88463,0.72029,0.74824,0.78987,0.7399,0.37523,1.02153,0.87039,9.99502e-05,9.99502e-05,9.99502e-05
101,382.738,0.38208,1.10761,0.9017,0.74668,0.74523,0.78707,0.73781,0.37849,1.00984,0.87513,9.898e-05,9.898e-05,9.898e-05
102,386.594,0.38366,1.15334,0.8943,0.79437,0.70014,0.78511,0.73743,0.37911,1.02682,0.87333,9.80098e-05,9.80098e-05,9.80098e-05
103,390.575,0.40982,1.18755,0.89746,0.64312,0.80406,0.79454,0.7422,0.38985,1.0381,0.87728,9.70396e-05,9.70396e-05,9.70396e-05
104,394.585,0.39008,1.1547,0.89034,0.6573,0.8016,0.80075,0.74854,0.38937,1.00129,0.88077,9.60694e-05,9.60694e-05,9.60694e-05
105,398.491,0.37552,1.05275,0.88081,0.64459,0.81063,0.80423,0.75363,0.38808,0.9911,0.88338,9.50992e-05,9.50992e-05,9.50992e-05
106,402.315,0.38952,1.10671,0.886,0.68229,0.77985,0.80445,0.7544,0.38619,0.99682,0.87836,9.4129e-05,9.4129e-05,9.4129e-05
107,406.101,0.37966,1.06533,0.8884,0.71158,0.7467,0.79795,0.74516,0.38391,0.99169,0.87568,9.31588e-05,9.31588e-05,9.31588e-05
108,410.057,0.37735,1.09481,0.88633,0.74484,0.74663,0.8049,0.75219,0.3831,0.99841,0.87655,9.21886e-05,9.21886e-05,9.21886e-05
109,413.785,0.37485,0.9991,0.87185,0.69513,0.77907,0.80961,0.75583,0.37856,1.01906,0.87079,9.12184e-05,9.12184e-05,9.12184e-05
110,417.533,0.3687,1.0273,0.86877,0.70683,0.79517,0.80981,0.75523,0.37295,1.0367,0.86634,9.02482e-05,9.02482e-05,9.02482e-05
111,421.322,0.36173,1.05349,0.85596,0.71278,0.80115,0.80947,0.75825,0.37215,1.04923,0.86804,8.9278e-05,8.9278e-05,8.9278e-05
112,425.187,0.36037,1.00465,0.86658,0.65741,0.83523,0.81639,0.76574,0.37032,0.98934,0.87007,8.83078e-05,8.83078e-05,8.83078e-05
113,428.959,0.37476,1.02609,0.89816,0.81371,0.72914,0.82638,0.77643,0.37014,0.95822,0.87232,8.73376e-05,8.73376e-05,8.73376e-05
114,432.72,0.36754,1.04317,0.8722,0.81408,0.7264,0.82391,0.77289,0.3727,0.9509,0.87399,8.63674e-05,8.63674e-05,8.63674e-05
115,436.433,0.36135,1.00938,0.90648,0.69557,0.80672,0.81958,0.76737,0.37425,0.96105,0.8696,8.53972e-05,8.53972e-05,8.53972e-05
116,440.225,0.38231,1.06269,0.8773,0.75197,0.7778,0.81934,0.76773,0.37585,0.94676,0.86844,8.4427e-05,8.4427e-05,8.4427e-05
117,444.009,0.38164,1.01515,0.87478,0.78769,0.75539,0.81909,0.76913,0.37308,0.94079,0.86631,8.34568e-05,8.34568e-05,8.34568e-05
118,447.744,0.36807,1.03499,0.89858,0.79767,0.75013,0.8159,0.76778,0.36822,0.94696,0.86238,8.24866e-05,8.24866e-05,8.24866e-05
119,451.485,0.37696,1.01079,0.88591,0.78367,0.76948,0.81967,0.77064,0.37161,0.93641,0.86435,8.15164e-05,8.15164e-05,8.15164e-05
120,455.32,0.38073,1.04736,0.90137,0.74636,0.80504,0.82994,0.77866,0.37486,0.92863,0.8681,8.05462e-05,8.05462e-05,8.05462e-05
121,459.047,0.35835,1.0012,0.89303,0.71489,0.83226,0.83468,0.77932,0.38025,0.92606,0.87022,7.9576e-05,7.9576e-05,7.9576e-05
122,462.773,0.34727,0.94455,0.88069,0.70832,0.84729,0.84097,0.78788,0.37753,0.93276,0.86697,7.86058e-05,7.86058e-05,7.86058e-05
123,466.489,0.36063,1.0204,0.87637,0.69406,0.86152,0.84554,0.79171,0.37855,0.93104,0.86739,7.76356e-05,7.76356e-05,7.76356e-05
124,470.364,0.36202,1.01712,0.90133,0.75517,0.7843,0.84786,0.79566,0.37501,0.93009,0.86581,7.66654e-05,7.66654e-05,7.66654e-05
125,474.147,0.36957,0.97696,0.87608,0.74044,0.81281,0.84557,0.79319,0.37505,0.92518,0.866,7.56952e-05,7.56952e-05,7.56952e-05
126,477.91,0.38268,1.06963,0.90821,0.73956,0.81243,0.83798,0.78434,0.3741,0.92909,0.86478,7.4725e-05,7.4725e-05,7.4725e-05
127,481.621,0.3768,1.0094,0.89299,0.72005,0.82653,0.83491,0.7831,0.37165,0.92921,0.86335,7.37548e-05,7.37548e-05,7.37548e-05
128,485.447,0.37467,1.00565,0.88417,0.74074,0.80355,0.83898,0.78605,0.37342,0.92841,0.86694,7.27846e-05,7.27846e-05,7.27846e-05
129,489.177,0.37799,0.9672,0.88175,0.69147,0.83233,0.84329,0.79186,0.37908,0.93064,0.87187,7.18144e-05,7.18144e-05,7.18144e-05
130,492.864,0.36864,0.91621,0.87722,0.69598,0.84717,0.84424,0.79245,0.37291,0.93688,0.86656,7.08442e-05,7.08442e-05,7.08442e-05
131,496.654,0.34833,0.8763,0.86108,0.70371,0.8333,0.84011,0.78956,0.3688,0.93583,0.86412,6.9874e-05,6.9874e-05,6.9874e-05
132,500.482,0.35243,0.87186,0.87474,0.71525,0.84312,0.83862,0.78614,0.36422,0.90868,0.86362,6.89038e-05,6.89038e-05,6.89038e-05
133,504.226,0.37268,0.94024,0.88668,0.72302,0.83672,0.83478,0.78209,0.36598,0.9072,0.86511,6.79336e-05,6.79336e-05,6.79336e-05
134,507.976,0.35861,0.92032,0.88446,0.72472,0.83663,0.83027,0.7788,0.36643,0.91876,0.86221,6.69634e-05,6.69634e-05,6.69634e-05
135,511.668,0.34684,0.98697,0.87875,0.74477,0.81776,0.83454,0.78618,0.36558,0.92076,0.86014,6.59932e-05,6.59932e-05,6.59932e-05
136,515.471,0.36579,0.85077,0.87637,0.72767,0.83116,0.84048,0.78842,0.36247,0.90374,0.85943,6.5023e-05,6.5023e-05,6.5023e-05
137,519.144,0.35468,0.92773,0.87538,0.8249,0.7768,0.84621,0.79741,0.36468,0.89334,0.8616,6.40528e-05,6.40528e-05,6.40528e-05
138,522.852,0.34975,0.89116,0.86471,0.79126,0.79351,0.85152,0.8017,0.36917,0.88494,0.86346,6.30826e-05,6.30826e-05,6.30826e-05
139,526.597,0.36746,0.84744,0.87872,0.78621,0.8234,0.85299,0.80359,0.36963,0.87915,0.86268,6.21124e-05,6.21124e-05,6.21124e-05
140,530.437,0.36793,0.90748,0.87927,0.79362,0.81418,0.8515,0.79815,0.36929,0.88639,0.85856,6.11422e-05,6.11422e-05,6.11422e-05
141,534.101,0.33907,0.84754,0.87803,0.80967,0.80795,0.85483,0.80795,0.36799,0.89861,0.85995,6.0172e-05,6.0172e-05,6.0172e-05
142,537.841,0.35052,0.90013,0.87696,0.8054,0.79702,0.8542,0.80617,0.37054,0.91312,0.86222,5.92018e-05,5.92018e-05,5.92018e-05
143,541.534,0.36938,0.88767,0.86734,0.76928,0.81288,0.84984,0.80357,0.36968,0.92694,0.86164,5.82316e-05,5.82316e-05,5.82316e-05
144,545.28,0.34117,0.83457,0.87388,0.80461,0.7917,0.85627,0.80433,0.37086,0.90753,0.8609,5.72614e-05,5.72614e-05,5.72614e-05
145,549.027,0.34486,0.86464,0.87511,0.79578,0.80631,0.85258,0.7998,0.37243,0.90043,0.86146,5.62912e-05,5.62912e-05,5.62912e-05
146,552.722,0.34258,0.85628,0.86275,0.77886,0.8155,0.85142,0.79923,0.37123,0.8965,0.86277,5.5321e-05,5.5321e-05,5.5321e-05
147,556.504,0.36393,0.90217,0.87834,0.77185,0.81832,0.85317,0.80126,0.37054,0.88668,0.86339,5.43508e-05,5.43508e-05,5.43508e-05
148,560.345,0.35162,0.86531,0.86743,0.83201,0.77053,0.85093,0.80142,0.37143,0.88135,0.86394,5.33806e-05,5.33806e-05,5.33806e-05
149,564.088,0.36978,0.90561,0.88803,0.83509,0.76636,0.85028,0.80303,0.36695,0.87395,0.86106,5.24104e-05,5.24104e-05,5.24104e-05
150,567.849,0.35672,0.8995,0.91342,0.72564,0.8601,0.85094,0.80717,0.3631,0.87535,0.85802,5.14402e-05,5.14402e-05,5.14402e-05
151,571.624,0.34634,0.8661,0.88039,0.75281,0.81634,0.85061,0.80424,0.36403,0.87712,0.86009,5.047e-05,5.047e-05,5.047e-05
152,575.394,0.35783,0.84885,0.87336,0.78519,0.82029,0.85481,0.8085,0.36594,0.87768,0.86086,4.94998e-05,4.94998e-05,4.94998e-05
153,579.094,0.34278,0.86052,0.84875,0.79337,0.81822,0.8532,0.8086,0.36708,0.86871,0.86043,4.85296e-05,4.85296e-05,4.85296e-05
154,582.849,0.35847,0.8475,0.87992,0.78025,0.82973,0.85297,0.80322,0.36607,0.86193,0.8594,4.75594e-05,4.75594e-05,4.75594e-05
155,586.573,0.33475,0.8247,0.86139,0.75687,0.85317,0.85128,0.80319,0.36425,0.86116,0.85796,4.65892e-05,4.65892e-05,4.65892e-05
156,590.348,0.34686,0.88686,0.88236,0.76306,0.84776,0.85309,0.80289,0.36468,0.85985,0.85783,4.5619e-05,4.5619e-05,4.5619e-05
157,593.997,0.33774,0.80494,0.87694,0.75555,0.8549,0.85458,0.80728,0.3646,0.85833,0.85879,4.46488e-05,4.46488e-05,4.46488e-05
158,597.708,0.35541,0.8457,0.8784,0.75394,0.86543,0.85936,0.81115,0.36676,0.857,0.85993,4.36786e-05,4.36786e-05,4.36786e-05
159,601.455,0.35076,0.80338,0.89441,0.77322,0.84009,0.86051,0.81074,0.36779,0.85595,0.86068,4.27084e-05,4.27084e-05,4.27084e-05
160,605.209,0.38734,0.92828,0.88454,0.80423,0.82947,0.85882,0.81049,0.36606,0.85582,0.86055,4.17382e-05,4.17382e-05,4.17382e-05
161,608.938,0.34922,0.84654,0.87944,0.80421,0.81745,0.86092,0.81056,0.36606,0.85193,0.86075,4.0768e-05,4.0768e-05,4.0768e-05
162,612.721,0.34679,0.88379,0.87282,0.80801,0.81604,0.85967,0.80793,0.36665,0.85448,0.86044,3.97978e-05,3.97978e-05,3.97978e-05
163,616.483,0.34374,0.81901,0.87257,0.81053,0.80847,0.85092,0.79928,0.36349,0.85642,0.85886,3.88276e-05,3.88276e-05,3.88276e-05
164,620.311,0.34586,0.82224,0.87607,0.80271,0.83947,0.85707,0.81148,0.36188,0.86605,0.85566,3.78574e-05,3.78574e-05,3.78574e-05
165,624.034,0.35168,0.75659,0.87091,0.7893,0.84473,0.85414,0.80714,0.36354,0.8758,0.85658,3.68872e-05,3.68872e-05,3.68872e-05
166,627.768,0.34736,0.87754,0.86035,0.79811,0.82891,0.85275,0.8042,0.3646,0.87935,0.85854,3.5917e-05,3.5917e-05,3.5917e-05
167,631.553,0.34931,0.85393,0.8794,0.8014,0.82233,0.85595,0.80771,0.36324,0.87489,0.8586,3.49468e-05,3.49468e-05,3.49468e-05
168,635.409,0.34303,0.81223,0.85887,0.80352,0.81891,0.85301,0.80368,0.36064,0.86427,0.85707,3.39766e-05,3.39766e-05,3.39766e-05
169,639.188,0.36211,0.89118,0.86216,0.80027,0.81986,0.85926,0.81143,0.36223,0.86208,0.85688,3.30064e-05,3.30064e-05,3.30064e-05
170,642.952,0.35728,0.87096,0.8769,0.79858,0.819,0.8603,0.81369,0.36255,0.85823,0.85707,3.20362e-05,3.20362e-05,3.20362e-05
171,646.71,0.34497,0.81251,0.87449,0.81273,0.81281,0.86135,0.81693,0.36123,0.85717,0.85619,3.1066e-05,3.1066e-05,3.1066e-05
172,650.503,0.33806,0.81602,0.87721,0.81579,0.82501,0.86372,0.81841,0.3609,0.85732,0.85583,3.00958e-05,3.00958e-05,3.00958e-05
173,654.26,0.34019,0.83535,0.87115,0.81818,0.82457,0.86267,0.81629,0.36231,0.85877,0.85553,2.91256e-05,2.91256e-05,2.91256e-05
174,658.02,0.36747,0.85981,0.86995,0.81941,0.82286,0.86724,0.8215,0.36286,0.85781,0.85549,2.81554e-05,2.81554e-05,2.81554e-05
175,661.732,0.33568,0.83026,0.89378,0.81174,0.82313,0.86664,0.82143,0.3605,0.85863,0.85545,2.71852e-05,2.71852e-05,2.71852e-05
176,665.532,0.3335,0.8044,0.87604,0.80382,0.82646,0.86111,0.81476,0.36028,0.85673,0.8557,2.6215e-05,2.6215e-05,2.6215e-05
177,669.223,0.33233,0.80603,0.85668,0.80211,0.82109,0.86213,0.81375,0.35985,0.85582,0.85622,2.52448e-05,2.52448e-05,2.52448e-05
178,672.945,0.34897,0.77853,0.86709,0.80477,0.82076,0.86355,0.81428,0.35942,0.85601,0.85607,2.42746e-05,2.42746e-05,2.42746e-05
179,676.644,0.34153,0.85639,0.87701,0.81916,0.80756,0.86118,0.81399,0.35795,0.85558,0.85536,2.33044e-05,2.33044e-05,2.33044e-05
180,680.47,0.33731,0.77549,0.86784,0.78063,0.84891,0.85917,0.81155,0.35897,0.85361,0.85489,2.23342e-05,2.23342e-05,2.23342e-05
181,684.176,0.33533,0.7893,0.86122,0.78757,0.84999,0.85916,0.81241,0.35869,0.853,0.855,2.1364e-05,2.1364e-05,2.1364e-05
182,687.926,0.34047,0.76789,0.86907,0.77951,0.8544,0.86174,0.81491,0.35833,0.85278,0.8545,2.03938e-05,2.03938e-05,2.03938e-05
183,691.717,0.33521,0.75609,0.88458,0.77382,0.85235,0.85921,0.81398,0.35846,0.85207,0.85391,1.94236e-05,1.94236e-05,1.94236e-05
184,695.5,0.34621,0.78632,0.86312,0.77968,0.84244,0.86387,0.81874,0.35673,0.84727,0.85252,1.84534e-05,1.84534e-05,1.84534e-05
185,699.28,0.34509,0.78056,0.86479,0.8146,0.8145,0.86695,0.82004,0.35669,0.84666,0.85242,1.74832e-05,1.74832e-05,1.74832e-05
186,703.029,0.3368,0.77618,0.86158,0.80187,0.82062,0.8687,0.82486,0.35595,0.84808,0.8525,1.6513e-05,1.6513e-05,1.6513e-05
187,706.723,0.33796,0.78138,0.87211,0.80101,0.82859,0.86537,0.82002,0.35626,0.84745,0.85271,1.55428e-05,1.55428e-05,1.55428e-05
188,710.541,0.33248,0.78282,0.86349,0.79987,0.82674,0.8645,0.81816,0.35659,0.84455,0.85362,1.45726e-05,1.45726e-05,1.45726e-05
189,714.214,0.33888,0.78216,0.87875,0.80881,0.82026,0.86477,0.82014,0.35657,0.84557,0.85368,1.36024e-05,1.36024e-05,1.36024e-05
190,717.975,0.33837,0.81733,0.86765,0.79449,0.83503,0.86332,0.81712,0.35693,0.84637,0.85336,1.26322e-05,1.26322e-05,1.26322e-05
191,739.531,0.32371,0.82504,0.85914,0.79796,0.8315,0.8618,0.81745,0.35846,0.85293,0.85338,1.1662e-05,1.1662e-05,1.1662e-05
192,743.423,0.3391,0.92565,0.88658,0.78666,0.83973,0.86093,0.81253,0.36121,0.87775,0.85368,1.06918e-05,1.06918e-05,1.06918e-05
193,747.13,0.33085,0.83153,0.84798,0.77379,0.84896,0.84935,0.79785,0.36281,0.89537,0.8538,9.7216e-06,9.7216e-06,9.7216e-06
194,750.831,0.32986,0.83809,0.85682,0.78008,0.83475,0.84338,0.79102,0.36516,0.9146,0.85326,8.7514e-06,8.7514e-06,8.7514e-06
195,754.672,0.31812,0.78344,0.85359,0.77279,0.83557,0.84379,0.78841,0.36685,0.92306,0.85312,7.7812e-06,7.7812e-06,7.7812e-06
196,758.49,0.32414,0.74761,0.85349,0.81289,0.78212,0.83772,0.78406,0.36855,0.932,0.85329,6.811e-06,6.811e-06,6.811e-06
197,762.257,0.32154,0.81213,0.86273,0.81225,0.78143,0.8359,0.78566,0.36798,0.93002,0.85358,5.8408e-06,5.8408e-06,5.8408e-06
198,765.991,0.31113,0.76814,0.86102,0.80746,0.789,0.83652,0.78505,0.36832,0.92664,0.85364,4.8706e-06,4.8706e-06,4.8706e-06
199,769.785,0.31346,0.7917,0.86049,0.79935,0.79563,0.8362,0.78367,0.36832,0.93064,0.85402,3.9004e-06,3.9004e-06,3.9004e-06
200,773.584,0.31333,0.83935,0.84397,0.81084,0.79173,0.83581,0.78235,0.36856,0.9355,0.85456,2.9302e-06,2.9302e-06,2.9302e-06
